Feature,Importance
Recency,0.9999999999999903
Monetary,3.101848769513056e-15
M_Score,2.8625435113760325e-15
Frequency,1.182284905874393e-15
AvgOrderValue,5.772852449578644e-16
TotalItems,5.502754327947598e-16
AvgDaysBetweenOrders,4.419543426241174e-16
TotalOrders,3.0719383383915654e-16
CustomerLifeDays,2.0272625537898944e-16
F_Score,1.9048460324518976e-16
R_Score,0.0
RFM_Score,0.0
UniqueProducts,0.0
FavCategory_enc,0.0
TotalRevenue,-1.8816276597601354e-17
